番号,86
名前,츠쿠요
呼び名,츠쿠요

CSTR,0,오노
CSTR,1,츠쿠요
CSTR,3,츠쿠요
CSTR,4,츠쿠요
CSTR,5,오노
CSTR,6,츠쿠요
CSTR,7,츠쿠요
CSTR,8,인간
CSTR,99,츠쿠요

基礎,체력,1900
基礎,기력,2200
基礎,정신력,2500

素質,성별,1
素質,성장형,3
素質,체격,2
素質,체형,1
素質,가슴크기,1
素質,엉덩이크기,1
素質,머리길이,4
素質,머리색,0x3E3045

素質,처녀,1
素質,애널처녀,1
素質,키스미경험,1
素質,음모현재치,0
素質,음모목표치,0
素質,겨드랑이털현재치,0
素質,겨드랑이털목표치,0
素質,Ｖ조임,950
素質,Ａ조임,950
素質,성적기호,4
素質,학생,1

素質,웨폰,1011

素質,프라이드낮음,1
素質,비관적,1
素質,수줍음,1
素質,젖기쉬움,1
素質,Ｍ기질,1
素質,동물귀,1

能力,무투,54
能力,방위,76
能力,지략,55
能力,정치,46
能力,가창,32
能力,요리,34
能力,야심,18
能力,성지식,3
能力,Ｃ감,0
能力,Ｂ감,0
能力,Ｖ감,0
能力,Ａ감,0
能力,Ｍ감,0
能力,욕망,0
能力,성기술,0
能力,봉사,0
能力,노출,0
能力,새드,0
能力,마조,1
能力,주량,2

相性,7,110
相性,8,110
相性,84,150
相性,85,150