番号,4
名前,노노미
呼び名,노노미

CSTR,0,이자요이
CSTR,1,노노미
CSTR,3,노노미
CSTR,4,노노미
CSTR,5,이자요이
CSTR,6,노노미
CSTR,7,노노미
CSTR,8,인간
CSTR,99,노노미

基礎,체력,2300
基礎,기력,1500
基礎,정신력,2200

素質,성별,1
素質,성장형,7
素質,체격,0
素質,체형,0
素質,가슴크기,1
素質,엉덩이크기,0
素質,머리길이,5
素質,머리색,0xd6cebd

素質,처녀,1
素質,애널처녀,1
素質,키스미경험,1
素質,음모현재치,0
素質,음모목표치,0
素質,겨드랑이털현재치,0
素質,겨드랑이털목표치,0
素質,Ｖ조임,950
素質,Ａ조임,950
素質,성적기호,4
素質,학생,1

素質,Ｂ민감,1
素質,솔직함,1
素質,낙관적,1

素質,웨폰,503

能力,무투,51
能力,방위,61
能力,지략,62
能力,정치,77
能力,가창,68
能力,요리,32
能力,야심,41
能力,성지식,3
能力,Ｃ감,0
能力,Ｂ감,0
能力,Ｖ감,1
能力,Ａ감,0
能力,Ｍ감,0
能力,욕망,0
能力,성기술,0
能力,봉사,2
能力,노출,0
能力,새드,0
能力,마조,0
能力,주량,3

相性,1,150
相性,2,150
相性,3,150
相性,5,150
相性,9,110
相性,10,110
相性,11,110
相性,12,110
相性,53,125