番号,40
名前,코타마
呼び名,코타마

CSTR,0,오토세
CSTR,1,코타마
CSTR,3,코타마
CSTR,4,코타마
CSTR,5,오토세
CSTR,6,코타마
CSTR,7,코타마
CSTR,8,인간
CSTR,99,코타마

基礎,체력,1600
基礎,기력,2400
基礎,정신력,2300

素質,성별,1
素質,성장형,5
素質,체격,0
素質,체형,0
素質,가슴크기,-1
素質,엉덩이크기,0
素質,머리길이,5
素質,머리색,0xFCFFC4

素質,처녀,1
素質,애널처녀,1
素質,키스미경험,1
素質,음모현재치,0
素質,음모목표치,0
素質,겨드랑이털현재치,0
素質,겨드랑이털목표치,0
素質,Ｖ조임,950
素質,Ａ조임,950
素質,성적기호,4
素質,학생,1

素質,웨폰,409

素質,얌전함,1
素質,도착적,1

能力,무투,45
能力,방위,36
能力,지략,77
能力,정치,68
能力,가창,43
能力,요리,29
能力,야심,45
能力,성지식,3
能力,Ｃ감,0
能力,Ｂ감,0
能力,Ｖ감,0
能力,Ａ감,0
能力,Ｍ감,0
能力,욕망,1
能力,성기술,0
能力,봉사,0
能力,노출,0
能力,새드,0
能力,마조,0
能力,주량,2

相性,37,150
相性,38,150
相性,39,150
相性,66,110
相性,99,150
