番号,119
名前,린
呼び名,린

CSTR,0,나나가미
CSTR,1,린
CSTR,3,린
CSTR,4,린
CSTR,5,나나가미
CSTR,6,린
CSTR,7,린
CSTR,8,인간
CSTR,99,린

基礎,체력,2000
基礎,기력,2000
基礎,정신력,2700

素質,성별,1
素質,성장형,5
素質,체격,1
素質,체형,0
素質,가슴크기,1
素質,엉덩이크기,1
素質,머리길이,5
素質,머리색,0x000000

素質,처녀,1
素質,애널처녀,1
素質,키스미경험,1
素質,음모현재치,0
素質,음모목표치,0
素質,겨드랑이털현재치,0
素質,겨드랑이털목표치,0
素質,Ｖ조임,950
素質,Ａ조임,950
素質,성적기호,4
素質,학생,1

素質,웨폰,400

素質,자제심,1
素質,선을넘지않음,1
素質,습득빠름,1
素質,Ｖ민감,1

能力,무투,52
能力,방위,40
能力,지략,77
能力,정치,82
能力,가창,35
能力,요리,34
能力,야심,33
能力,성지식,3
能力,Ｃ감,0
能力,Ｂ감,0
能力,Ｖ감,0
能力,Ａ감,0
能力,Ｍ감,0
能力,욕망,0
能力,성기술,0
能力,봉사,0
能力,노출,0
能力,새드,0
能力,마조,0
能力,주량,2

相性,120,110
相性,121,110
相性,122,110
相性,123,110