番号,9
名前,아루
呼び名,아루

CSTR,0,리쿠하치마
CSTR,1,아루
CSTR,3,아루
CSTR,4,아루
CSTR,5,리쿠하치마
CSTR,6,아루
CSTR,7,아루
CSTR,8,인간
CSTR,99,아루

基礎,체력,2700
基礎,기력,1500
基礎,정신력,2500

素質,성별,1
素質,성장형,7
素質,체격,0
素質,체형,0
素質,가슴크기,1
素質,엉덩이크기,0
素質,머리길이,4
素質,머리색,0xDC9198

素質,처녀,1
素質,애널처녀,1
素質,키스미경험,1
素質,음모현재치,0
素質,음모목표치,0
素質,겨드랑이털현재치,0
素質,겨드랑이털목표치,0
素質,Ｖ조임,950
素質,Ａ조임,950
素質,성적기호,4
素質,학생,1

素質,웨폰,1108

素質,프라이드높음,1
素質,주목받기원함,1
素質,Ｃ민감,1
素質,Ａ민감,1
素質,술못함,1

能力,무투,75
能力,방위,66
能力,지략,21
能力,정치,56
能力,가창,74
能力,요리,31
能力,야심,89
能力,성지식,1
能力,Ｃ감,0
能力,Ｂ감,0
能力,Ｖ감,0
能力,Ａ감,0
能力,Ｍ감,0
能力,욕망,0
能力,성기술,0
能力,봉사,0
能力,노출,0
能力,새드,0
能力,마조,0
能力,주량,0

相性,1,110
相性,2,110
相性,3,110
相性,4,110
相性,5,110
相性,10,150
相性,11,150
相性,12,150
相性,13,80
