番号,67
名前,하나에
呼び名,하나에

CSTR,0,아사가오
CSTR,1,하나에
CSTR,3,하나에
CSTR,4,하나에
CSTR,5,아사가오
CSTR,6,하나에
CSTR,7,하나에
CSTR,8,인간
CSTR,99,하나에

基礎,체력,2200
基礎,기력,2200
基礎,정신력,2000

素質,성별,1
素質,성장형,1
素質,체격,-1
素質,체형,0
素質,가슴크기,1
素質,엉덩이크기,0
素質,머리길이,5
素質,머리색,0xb9a0fe

素質,처녀,1
素質,애널처녀,1
素質,키스미경험,1
素質,음모현재치,0
素質,음모목표치,0
素質,겨드랑이털현재치,0
素質,겨드랑이털목표치,0
素質,Ｖ조임,950
素質,Ａ조임,950
素質,성적기호,4
素質,학생,1

素質,웨폰,119

素質,낙관적,1
素質,헌신적,1
素質,중독하기쉽다,1
素質,Ｃ민감,1

能力,무투,49
能力,방위,71
能力,지략,46
能力,정치,46
能力,가창,33
能力,요리,46
能力,야심,20
能力,성지식,3
能力,Ｃ감,1
能力,Ｂ감,0
能力,Ｖ감,0
能力,Ａ감,0
能力,Ｍ감,0
能力,욕망,0
能力,성기술,0
能力,봉사,0
能力,노출,0
能力,새드,0
能力,마조,0
能力,주량,3

相性,23,125
相性,65,150
相性,66,150