番号,75
名前,니야
呼び名,니야

CSTR,0,아마치
CSTR,1,니야
CSTR,3,니야
CSTR,4,니야
CSTR,5,아마치
CSTR,6,니야
CSTR,7,니야
CSTR,8,인간
CSTR,99,니야

基礎,체력,2000
基礎,기력,2400
基礎,정신력,2500

素質,성별,1
素質,성장형,5
素質,체격,0
素質,체형,0
素質,가슴크기,1
素質,엉덩이크기,0
素質,머리길이,3
素質,머리색,0x000000

素質,처녀,1
素質,애널처녀,1
素質,키스미경험,1
素質,음모현재치,0
素質,음모목표치,0
素質,겨드랑이털현재치,0
素質,겨드랑이털목표치,0
素質,Ｖ조임,950
素質,Ａ조임,950
素質,성적기호,4
素質,학생,1

素質,웨폰,400

素質,거만함,1
素質,낙관적,1
素質,혀놀림,1
素質,습득빠름,1
素質,Ｓ기질,1
素質,소악마,1

能力,무투,50
能力,방위,57
能力,지략,91
能力,정치,89
能力,가창,34
能力,요리,38
能力,야심,76
能力,성지식,4
能力,Ｃ감,0
能力,Ｂ감,0
能力,Ｖ감,0
能力,Ａ감,0
能力,Ｍ감,0
能力,욕망,1
能力,성기술,0
能力,봉사,0
能力,노출,0
能力,새드,1
能力,마조,0
能力,주량,4

相性,76,150
相性,77,150
