番号,70
名前,마시로
呼び名,마시로

CSTR,0,시즈야마
CSTR,1,마시로
CSTR,3,마시로
CSTR,4,마시로
CSTR,5,시즈야마
CSTR,6,마시로
CSTR,7,마시로
CSTR,8,인간
CSTR,99,마시로

基礎,체력,2000
基礎,기력,2100
基礎,정신력,2500

素質,성별,1
素質,성장형,1
素質,체격,0
素質,체형,0
素質,가슴크기,0
素質,엉덩이크기,1
素質,머리길이,3
素質,머리색,0x000000

素質,처녀,1
素質,애널처녀,1
素質,키스미경험,1
素質,음모현재치,0
素質,음모목표치,0
素質,겨드랑이털현재치,0
素質,겨드랑이털목표치,0
素質,Ｖ조임,950
素質,Ａ조임,950
素質,성적기호,4
素質,학생,1

素質,웨폰,1111

素質,꿋꿋함,1
素質,수치심옅음,1
素質,젖기쉬움,1
素質,Ｂ민감,1
素質,Ａ둔감,1

能力,무투,70
能力,방위,61
能力,지략,61
能力,정치,45
能力,가창,30
能力,요리,36
能力,야심,38
能力,성지식,2
能力,Ｃ감,0
能力,Ｂ감,0
能力,Ｖ감,0
能力,Ａ감,0
能力,Ｍ감,0
能力,욕망,0
能力,성기술,0
能力,봉사,0
能力,노출,2
能力,새드,0
能力,마조,0
能力,주량,2

相性,53,125
相性,55,125
相性,56,150
相性,68,150
相性,69,250
相性,71,150
