番号,14
名前,아코
呼び名,아코

CSTR,0,아마우
CSTR,1,아코
CSTR,3,아코
CSTR,4,아코
CSTR,5,아마우
CSTR,6,아코
CSTR,7,아코
CSTR,8,인간
CSTR,99,아코

基礎,체력,1900
基礎,기력,2000
基礎,정신력,2800

素質,성별,1
素質,성장형,2
素質,체격,0
素質,체형,1
素質,가슴크기,1
素質,엉덩이크기,1
素質,머리길이,3
素質,머리색,0xA3C0DF

素質,처녀,1
素質,애널처녀,1
素質,키스미경험,1
素質,음모현재치,0
素質,음모목표치,0
素質,겨드랑이털현재치,0
素質,겨드랑이털목표치,0
素質,Ｖ조임,950
素質,Ａ조임,950
素質,성적기호,4
素質,학생,1

素質,웨폰,417

素質,반항적,1
素質,도착적,1
素質,바이,1
素質,수치심옅음,1
素質,Ａ민감,1
素質,Ｂ둔감,1

能力,무투,25
能力,방위,50
能力,지략,83
能力,정치,73
能力,가창,35
能力,요리,41
能力,야심,12
能力,성지식,4
能力,Ｃ감,0
能力,Ｂ감,0
能力,Ｖ감,0
能力,Ａ감,0
能力,Ｍ감,0
能力,욕망,1
能力,성기술,0
能力,봉사,0
能力,노출,1
能力,새드,0
能力,마조,0
能力,주량,3

相性,6,50
相性,13,300
相性,15,150
相性,16,150