番号,11
名前,카요코
呼び名,카요코

CSTR,0,오니카타
CSTR,1,카요코
CSTR,3,카요코
CSTR,4,카요코
CSTR,5,오니카타
CSTR,6,카요코
CSTR,7,카요코
CSTR,8,인간
CSTR,99,카요코

基礎,체력,2000
基礎,기력,2100
基礎,정신력,2600

素質,성별,1
素質,성장형,1
素質,체격,0
素質,체형,-1
素質,가슴크기,-1
素質,엉덩이크기,0
素質,머리길이,3
素質,머리색,0xFFFFFF

素質,처녀,1
素質,애널처녀,1
素質,키스미경험,1
素質,음모현재치,0
素質,음모목표치,0
素質,겨드랑이털현재치,0
素質,겨드랑이털목표치,0
素質,Ｖ조임,950
素質,Ａ조임,950
素質,성적기호,4
素質,학생,1

素質,웨폰,418

素質,자제심,1
素質,비관적,1
素質,습득빠름,1
素質,자위하기쉬움,1

能力,무투,48
能力,방위,44
能力,지략,81
能力,정치,74
能力,가창,44
能力,요리,50
能力,야심,12
能力,성지식,3
能力,Ｃ감,0
能力,Ｂ감,0
能力,Ｖ감,0
能力,Ａ감,0
能力,Ｍ감,0
能力,욕망,0
能力,성기술,0
能力,봉사,0
能力,노출,0
能力,새드,0
能力,마조,0
能力,주량,4

相性,1,110
相性,2,110
相性,3,110
相性,4,110
相性,5,110
相性,9,150
相性,10,150
相性,12,150
相性,13,80
