番号,38
名前,하레
呼び名,하레

CSTR,0,오미가리
CSTR,1,하레
CSTR,3,하레
CSTR,4,하레
CSTR,5,오미가리
CSTR,6,하레
CSTR,7,하레
CSTR,8,인간
CSTR,99,하레

基礎,체력,1600
基礎,기력,2600
基礎,정신력,2600

素質,성별,1
素質,성장형,5
素質,체격,0
素質,체형,-1
素質,가슴크기,-1
素質,엉덩이크기,0
素質,머리길이,4
素質,머리색,0xEDEDED

素質,처녀,1
素質,애널처녀,1
素質,키스미경험,1
素質,음모현재치,0
素質,음모목표치,0
素質,겨드랑이털현재치,0
素質,겨드랑이털목표치,0
素質,Ｖ조임,950
素質,Ａ조임,950
素質,성적기호,4
素質,학생,1

素質,웨폰,116

素質,꿋꿋함,1
素質,중독하기쉽다,1

能力,무투,36
能力,방위,62
能力,지략,73
能力,정치,56
能力,가창,20
能力,요리,16
能力,야심,39
能力,성지식,3
能力,Ｃ감,0
能力,Ｂ감,0
能力,Ｖ감,0
能力,Ａ감,0
能力,Ｍ감,0
能力,욕망,0
能力,성기술,0
能力,봉사,0
能力,노출,0
能力,새드,0
能力,마조,0
能力,주량,3

相性,37,150
相性,39,150
相性,40,150