番号,68
名前,츠루기
呼び名,츠루기

CSTR,0,켄자키
CSTR,1,츠루기
CSTR,3,츠루기
CSTR,4,츠루기
CSTR,5,켄자키
CSTR,6,츠루기
CSTR,7,츠루기
CSTR,8,인간
CSTR,99,츠루기

基礎,체력,3000
基礎,기력,2000
基礎,정신력,1600

素質,성별,1
素質,성장형,4
素質,체격,0
素質,체형,-1
素質,가슴크기,1
素質,엉덩이크기,1
素質,머리길이,6
素質,머리색,0x000000

素質,처녀,1
素質,애널처녀,1
素質,키스미경험,1
素質,음모현재치,0
素質,음모목표치,0
素質,겨드랑이털현재치,0
素質,겨드랑이털목표치,0
素質,Ｖ조임,950
素質,Ａ조임,950
素質,성적기호,4
素質,학생,1

素質,웨폰,907

素質,정조관념,1
素質,수줍음,1
素質,광기,1
素質,아픔에강함,1

能力,무투,90
能力,방위,96
能力,지략,45
能力,정치,32
能力,가창,17
能力,요리,23
能力,야심,33
能力,성지식,1
能力,Ｃ감,0
能力,Ｂ감,0
能力,Ｖ감,0
能力,Ａ감,0
能力,Ｍ감,0
能力,욕망,0
能力,성기술,0
能力,봉사,0
能力,노출,0
能力,새드,0
能力,마조,1
能力,주량,1

相性,53,125
相性,55,125
相性,56,150
相性,61,110
相性,62,110
相性,63,110
相性,64,110
相性,69,150
相性,70,150
相性,71,150