番号,133
名前,카이
呼び名,카이

CSTR,0,신타니
CSTR,1,카이
CSTR,3,카이
CSTR,4,카이
CSTR,5,신타니
CSTR,6,카이
CSTR,7,카이
CSTR,8,인간
CSTR,99,카이

基礎,체력,2000
基礎,기력,2800
基礎,정신력,2300

素質,성별,1
素質,성장형,2
素質,체격,1
素質,체형,0
素質,가슴크기,0
素質,엉덩이크기,1
素質,머리길이,5
素質,머리색,0x42444F

素質,처녀,1
素質,애널처녀,1
素質,키스미경험,1
素質,음모현재치,0
素質,음모목표치,0
素質,겨드랑이털현재치,0
素質,겨드랑이털목표치,0
素質,Ｖ조임,950
素質,Ａ조임,950
素質,성적기호,4
素質,학생,1

素質,웨폰,1100



能力,무투,49
能力,방위,33
能力,지략,95
能力,정치,67
能力,가창,22
能力,요리,77
能力,야심,83
能力,성지식,4
能力,Ｃ감,0
能力,Ｂ감,0
能力,Ｖ감,0
能力,Ａ감,0
能力,Ｍ감,0
能力,욕망,0
能力,성기술,0
能力,봉사,0
能力,노출,0
能力,새드,0
能力,마조,0
能力,주량,3

