番号,16
名前,치나츠
呼び名,치나츠

CSTR,0,히노미야
CSTR,1,치나츠
CSTR,3,치나츠
CSTR,4,치나츠
CSTR,5,히노미야
CSTR,6,치나츠
CSTR,7,치나츠
CSTR,8,인간
CSTR,99,치나츠

基礎,체력,2000
基礎,기력,1500
基礎,정신력,2500

素質,성별,1
素質,성장형,2
素質,체격,0
素質,체형,0
素質,가슴크기,1
素質,엉덩이크기,0
素質,머리길이,4
素質,머리색,0xFAD9CD

素質,처녀,1
素質,애널처녀,1
素質,키스미경험,1
素質,음모현재치,0
素質,음모목표치,0
素質,겨드랑이털현재치,0
素質,겨드랑이털목표치,0
素質,Ｖ조임,950
素質,Ａ조임,950
素質,성적기호,4
素質,학생,1

素質,웨폰,408

素質,얌전함,1
素質,자제심,1
素質,헌신적,1

能力,무투,33
能力,방위,45
能力,지략,79
能力,정치,67
能力,가창,23
能力,요리,73
能力,야심,33
能力,성지식,2
能力,Ｃ감,0
能力,Ｂ감,0
能力,Ｖ감,0
能力,Ａ감,0
能力,Ｍ감,0
能力,욕망,0
能力,성기술,0
能力,봉사,0
能力,노출,0
能力,새드,0
能力,마조,0
能力,주량,3

相性,13,150
相性,14,150
相性,15,150
相性,23,150
相性,24,80
相性,25,80
相性,99,110
相性,100,110
