番号,13
名前,히나
呼び名,히나

CSTR,0,소라사키
CSTR,1,히나
CSTR,3,히나
CSTR,4,히나
CSTR,5,소라사키
CSTR,6,히나
CSTR,7,히나
CSTR,8,인간
CSTR,99,히나

基礎,체력,2700
基礎,기력,1200
基礎,정신력,3000

素質,성별,1
素質,성장형,9
素質,체격,-1
素質,체형,-2
素質,가슴크기,-1
素質,엉덩이크기,-1
素質,머리길이,5
素質,머리색,0xFCFCFC

素質,처녀,1
素質,애널처녀,1
素質,키스미경험,1
素質,음모현재치,0
素質,음모목표치,0
素質,겨드랑이털현재치,0
素質,겨드랑이털목표치,0
素質,Ｖ조임,950
素質,Ａ조임,950
素質,성적기호,4
素質,학생,1

素質,웨폰,508

素質,자제심,1
素質,헌신적,1
素質,아픔에강함,1






能力,무투,93
能力,방위,85
能力,지략,81
能力,정치,75
能力,가창,32
能力,요리,30
能力,야심,55
能力,성지식,2
能力,Ｃ감,1
能力,Ｂ감,0
能力,Ｖ감,0
能力,Ａ감,0
能力,Ｍ감,0
能力,욕망,1
能力,성기술,0
能力,봉사,0
能力,노출,0
能力,새드,0
能力,마조,0
能力,주량,1

相性,2,110
相性,6,50
相性,9,90
相性,14,150
相性,15,150
相性,16,150
相性,17,50
相性,24,50