番号,51
名前,미카
呼び名,미카

CSTR,0,미소노
CSTR,1,미카
CSTR,3,미카
CSTR,4,미카
CSTR,5,미소노
CSTR,6,미카
CSTR,7,미카
CSTR,8,인간
CSTR,99,미카

基礎,체력,2800
基礎,기력,1500
基礎,정신력,1500

素質,성별,1
素質,성장형,4
素質,체격,0
素質,체형,0
素質,가슴크기,0
素質,엉덩이크기,0
素質,머리길이,4
素質,머리색,0xfdf0b6

素質,처녀,1
素質,애널처녀,1
素質,키스미경험,1
素質,음모현재치,0
素質,음모목표치,0
素質,겨드랑이털현재치,0
素質,겨드랑이털목표치,0
素質,Ｖ조임,950
素質,Ａ조임,950
素質,성적기호,4
素質,학생,1

素質,웨폰,1001

素質,낙관적,1
素質,광기,1
素質,아픔에강함,1
素質,자위하기쉬움,1
素質,중독하기쉽다,1
素質,Ｃ민감,1

能力,무투,92
能力,방위,86
能力,지략,22
能力,정치,59
能力,가창,50
能力,요리,12
能力,야심,88
能力,성지식,3
能力,Ｃ감,1
能力,Ｂ감,0
能力,Ｖ감,0
能力,Ａ감,0
能力,Ｍ감,0
能力,욕망,1
能力,성기술,0
能力,봉사,0
能力,노출,0
能力,새드,0
能力,마조,0
能力,주량,2

相性,6,10
相性,50,150
相性,52,150
相性,56,150
相性,113,10
相性,114,30
相性,115,30
相性,116,30
