番号,41
名前,네루
呼び名,네루

CSTR,0,미카모
CSTR,1,네루
CSTR,3,네루
CSTR,4,네루
CSTR,5,미카모
CSTR,6,네루
CSTR,7,네루
CSTR,8,인간
CSTR,99,네루

基礎,체력,2800
基礎,기력,2700
基礎,정신력,2500

素質,성별,1
素質,성장형,4
素質,체격,-1
素質,체형,-1
素質,가슴크기,-1
素質,엉덩이크기,0
素質,머리길이,3
素質,머리색,0xFF8547

素質,처녀,1
素質,애널처녀,1
素質,키스미경험,1
素質,음모현재치,0
素質,음모목표치,0
素質,겨드랑이털현재치,0
素質,겨드랑이털목표치,0
素質,Ｖ조임,950
素質,Ａ조임,950
素質,성적기호,4
素質,학생,1

素質,웨폰,1012

素質,반항적,1
素質,꿋꿋함,1
素質,프라이드높음,1
素質,젖기쉬움,1
素質,아픔에강함,1
素質,Ｂ민감,1

能力,무투,91
能力,방위,94
能力,지략,42
能力,정치,21
能力,가창,28
能力,요리,16
能力,야심,56
能力,성지식,1
能力,Ｃ감,0
能力,Ｂ감,0
能力,Ｖ감,0
能力,Ａ감,0
能力,Ｍ감,0
能力,욕망,0
能力,성기술,0
能力,봉사,0
能力,노출,0
能力,새드,0
能力,마조,0
能力,주량,3

相性,28,50
相性,30,90
相性,32,150
相性,42,150
相性,43,150
相性,44,150
相性,45,125
相性,68,110
相性,96,110