番号,30
名前,유우카
呼び名,유우카

CSTR,0,하야세
CSTR,1,유우카
CSTR,3,유우카
CSTR,4,유우카
CSTR,5,하야세
CSTR,6,유우카
CSTR,7,유우카
CSTR,8,인간
CSTR,99,유우카

基礎,체력,2500
基礎,기력,1900
基礎,정신력,2100

素質,성별,1
素質,성장형,6
素質,체격,0
素質,체형,1
素質,가슴크기,0
素質,엉덩이크기,0
素質,머리길이,4
素質,머리색,0x000080

素質,처녀,1
素質,애널처녀,1
素質,키스미경험,1
素質,음모현재치,0
素質,음모목표치,0
素質,겨드랑이털현재치,0
素質,겨드랑이털목표치,0
素質,Ｖ조임,950
素質,Ａ조임,950
素質,성적기호,4
素質,학생,1

素質,웨폰,1003

素質,츤데레,1
素質,정조관념,1
素質,습득빠름,1
素質,자위하기쉬움,1
素質,헌신적,1

能力,무투,60
能力,방위,62
能力,지략,68
能力,정치,82
能力,가창,70
能力,요리,42
能力,야심,30
能力,성지식,2
能力,Ｃ감,0
能力,Ｂ감,0
能力,Ｖ감,0
能力,Ａ감,0
能力,Ｍ감,0
能力,욕망,0
能力,성기술,0
能力,봉사,0
能力,노출,0
能力,새드,0
能力,마조,0
能力,주량,2

相性,28,110
相性,29,150
相性,31,80
相性,32,150
相性,33,125
相性,34,125
相性,35,125
相性,41,125