番号,18
名前,준코
呼び名,준코

CSTR,0,아카시
CSTR,1,준코
CSTR,3,준코
CSTR,4,준코
CSTR,5,아카시
CSTR,6,준코
CSTR,7,준코
CSTR,8,인간
CSTR,99,준코

基礎,체력,1900
基礎,기력,2100
基礎,정신력,2500

素質,성별,1
素質,성장형,3
素質,체격,-1
素質,체형,-1
素質,가슴크기,-1
素質,엉덩이크기,0
素質,머리길이,5
素質,머리색,0xBF273C

素質,처녀,1
素質,애널처녀,1
素質,키스미경험,1
素質,음모현재치,0
素質,음모목표치,0
素質,겨드랑이털현재치,0
素質,겨드랑이털목표치,0
素質,Ｖ조임,950
素質,Ａ조임,950
素質,성적기호,4
素質,학생,1

素質,웨폰,113

素質,솔직함,1
素質,호기심,1
素質,아픔에강함,1
素質,악취민감,1

能力,무투,67
能力,방위,71
能力,지략,54
能力,정치,44
能力,가창,35
能力,요리,36
能力,야심,48
能力,성지식,2
能力,Ｃ감,0
能力,Ｂ감,0
能力,Ｖ감,0
能力,Ａ감,0
能力,Ｍ감,0
能力,욕망,0
能力,성기술,0
能力,봉사,0
能力,노출,0
能力,새드,0
能力,마조,0
能力,주량,1

相性,13,50
相性,17,150
相性,19,150
相性,20,150
相性,53,110
相性,54,110
相性,55,110
相性,56,110