番号,120
名前,모모카
呼び名,모모카

CSTR,0,유라기
CSTR,1,모모카
CSTR,3,모모카
CSTR,4,모모카
CSTR,5,유라기
CSTR,6,모모카
CSTR,7,모모카
CSTR,8,인간
CSTR,99,모모카

基礎,체력,1900
基礎,기력,2000
基礎,정신력,2100

素質,성별,1
素質,성장형,6
素質,체격,-1
素質,체형,-1
素質,가슴크기,-1
素質,엉덩이크기,-1
素質,머리길이,3
素質,머리색,0xFFC0CB

素質,처녀,1
素質,애널처녀,1
素質,키스미경험,1
素質,음모현재치,0
素質,음모목표치,0
素質,겨드랑이털현재치,0
素質,겨드랑이털목표치,0
素質,Ｖ조임,950
素質,Ａ조임,950
素質,성적기호,4
素質,학생,1

素質,웨폰,400

素質,거만함,1
素質,낙관적,1
素質,농땡이마왕,1

能力,무투,34
能力,방위,32
能力,지략,62
能力,정치,75
能力,가창,29
能力,요리,24
能力,야심,20
能力,성지식,2
能力,Ｃ감,0
能力,Ｂ감,0
能力,Ｖ감,0
能力,Ａ감,0
能力,Ｍ감,0
能力,욕망,0
能力,성기술,0
能力,봉사,0
能力,노출,0
能力,새드,0
能力,마조,0
能力,주량,2

相性,119,110
相性,121,110
相性,122,70
相性,123,110