番号,23
名前,세나
呼び名,세나

CSTR,0,히무로
CSTR,1,세나
CSTR,3,세나
CSTR,4,세나
CSTR,5,히무로
CSTR,6,세나
CSTR,7,세나
CSTR,8,인간
CSTR,99,세나

基礎,체력,2300
基礎,기력,2000
基礎,정신력,2500

素質,성별,1
素質,성장형,1
素質,체격,0
素質,체형,0
素質,가슴크기,1
素質,엉덩이크기,0
素質,머리길이,3
素質,머리색,0xFFFFFF

素質,처녀,1
素質,애널처녀,1
素質,키스미경험,1
素質,음모현재치,0
素質,음모목표치,0
素質,겨드랑이털현재치,0
素質,겨드랑이털목표치,0
素質,Ｖ조임,950
素質,Ａ조임,950
素質,성적기호,4
素質,학생,1

素質,웨폰,302

素質,자제심,1
素質,선을넘지않음,1
素質,아픔에강함,1
素質,불결무시,1

能力,무투,57
能力,방위,81
能力,지략,65
能力,정치,40
能力,가창,33
能力,요리,32
能力,야심,20
能力,성지식,2
能力,Ｃ감,0
能力,Ｂ감,0
能力,Ｖ감,0
能力,Ａ감,0
能力,Ｍ감,0
能力,욕망,0
能力,성기술,0
能力,봉사,0
能力,노출,0
能力,새드,0
能力,마조,0
能力,주량,3

相性,13,150
相性,17,150
相性,65,110
相性,66,110
相性,67,110
相性,105,110
相性,106,110