番号,108
名前,사키
呼び名,사키

CSTR,0,소라이
CSTR,1,사키
CSTR,3,사키
CSTR,4,사키
CSTR,5,소라이
CSTR,6,사키
CSTR,7,사키
CSTR,8,인간
CSTR,99,사키

基礎,체력,2800
基礎,기력,2000
基礎,정신력,2200

素質,성별,1
素質,성장형,4
素質,체격,0
素質,체형,0
素質,가슴크기,1
素質,엉덩이크기,0
素質,머리길이,3
素質,머리색,0xA378C7

素質,처녀,1
素質,애널처녀,1
素質,키스미경험,1
素質,음모현재치,0
素質,음모목표치,0
素質,겨드랑이털현재치,0
素質,겨드랑이털목표치,0
素質,Ｖ조임,950
素質,Ａ조임,950
素質,성적기호,4
素質,학생,1

素質,웨폰,501

素質,꿋꿋함,1
素質,프라이드높음,1
素質,아픔에강함,1
素質,악취둔감,1

能力,무투,72
能力,방위,80
能力,지략,52
能力,정치,44
能力,가창,33
能力,요리,37
能力,야심,41
能力,성지식,3
能力,Ｃ감,0
能力,Ｂ감,0
能力,Ｖ감,0
能力,Ａ감,0
能力,Ｍ감,0
能力,욕망,0
能力,성기술,0
能力,봉사,0
能力,노출,0
能力,새드,0
能力,마조,0
能力,주량,3

相性,104,90
相性,107,150
相性,109,150
相性,110,150