番号,83
名前,카에데
呼び名,카에데

CSTR,0,이사미
CSTR,1,카에데
CSTR,3,카에데
CSTR,4,카에데
CSTR,5,이사미
CSTR,6,카에데
CSTR,7,카에데
CSTR,8,인간
CSTR,99,카에데

基礎,체력,2500
基礎,기력,1800
基礎,정신력,2000

素質,성별,1
素質,성장형,3
素質,체격,-1
素質,체형,0
素質,가슴크기,1
素質,엉덩이크기,0
素質,머리길이,3
素質,머리색,0x3E3045

素質,처녀,1
素質,애널처녀,1
素質,키스미경험,1
素質,음모현재치,0
素質,음모목표치,0
素質,겨드랑이털현재치,0
素質,겨드랑이털목표치,0
素質,Ｖ조임,950
素質,Ａ조임,950
素質,성적기호,4
素質,학생,1

素質,웨폰,416

素質,낙관적,1
素質,해방,1
素質,수치심옅음,1
素質,Ｃ민감,1
素質,Ｂ둔감,1
素質,동물귀,1
素質,술못함,1

能力,무투,55
能力,방위,68
能力,지략,52
能力,정치,49
能力,가창,34
能力,요리,30
能力,야심,39
能力,성지식,1
能力,Ｃ감,0
能力,Ｂ감,0
能力,Ｖ감,0
能力,Ａ감,0
能力,Ｍ감,0
能力,욕망,0
能力,성기술,0
能力,봉사,1
能力,노출,0
能力,새드,0
能力,마조,0
能力,주량,0

相性,81,150
相性,82,150