番号,89
名前,사야
呼び名,사야

CSTR,0,야쿠시
CSTR,1,사야
CSTR,3,사야
CSTR,4,사야
CSTR,5,야쿠시
CSTR,6,사야
CSTR,7,사야
CSTR,8,인간
CSTR,99,사야

基礎,체력,1900
基礎,기력,2000
基礎,정신력,2500

素質,성별,1
素質,성장형,5
素質,체격,-1
素質,체형,0
素質,가슴크기,0
素質,엉덩이크기,-1
素質,머리길이,5
素質,머리색,0xcacaca

素質,처녀,1
素質,애널처녀,1
素質,키스미경험,1
素質,음모현재치,0
素質,음모목표치,0
素質,겨드랑이털현재치,0
素質,겨드랑이털목표치,0
素質,Ｖ조임,950
素質,Ａ조임,950
素質,성적기호,4
素質,학생,1

素質,웨폰,402

素質,거만함,1
素質,주목받기원함,1
素質,아픔에약함,1
素質,중독하기쉽다,1
素質,Ｖ민감,1
素質,동물귀,1
素質,꼬리,1

能力,무투,54
能力,방위,43
能力,지략,86
能力,정치,55
能力,가창,35
能力,요리,47
能力,야심,60
能力,성지식,3
能力,Ｃ감,0
能力,Ｂ감,0
能力,Ｖ감,0
能力,Ａ감,0
能力,Ｍ감,0
能力,욕망,1
能力,성기술,0
能力,봉사,0
能力,노출,0
能力,새드,1
能力,마조,0
能力,주량,1

相性,90,125
相性,91,125
相性,92,125