番号,28
名前,리오
呼び名,리오

CSTR,0,츠카츠키
CSTR,1,리오
CSTR,3,리오
CSTR,4,리오
CSTR,5,츠카츠키
CSTR,6,리오
CSTR,7,리오
CSTR,8,인간
CSTR,99,리오

基礎,체력,1800
基礎,기력,2500
基礎,정신력,2500

素質,성별,1
素質,성장형,5
素質,체격,1
素質,체형,0
素質,가슴크기,2
素質,엉덩이크기,0
素質,머리길이,5
素質,머리색,0x000000

素質,처녀,1
素質,애널처녀,1
素質,키스미경험,1
素質,음모현재치,0
素質,음모목표치,0
素質,겨드랑이털현재치,0
素質,겨드랑이털목표치,0
素質,Ｖ조임,950
素質,Ａ조임,950
素質,성적기호,4
素質,학생,1

素質,웨폰,400

素質,반항적,1
素質,프라이드높음,1
素質,고고함,1
素質,Ｖ둔감,1
素質,Ａ민감,1

能力,무투,50
能力,방위,72
能力,지략,93
能力,정치,70
能力,가창,21
能力,요리,26
能力,야심,70
能力,성지식,3
能力,Ｃ감,0
能力,Ｂ감,0
能力,Ｖ감,0
能力,Ａ감,0
能力,Ｍ감,0
能力,욕망,0
能力,성기술,0
能力,봉사,0
能力,노출,0
能力,새드,0
能力,마조,0
能力,주량,2

相性,29,110
相性,30,110
相性,31,110
相性,32,50
相性,36,30
相性,45,150